"ID","DocumentType","ApplicationID","_CommentFlags","_CommentCount"
"1","Resume","MarkMolesworth@MarkMolesworth.onmicrosoft.com","",""
"2","Statement of Interest","MarkMolesworth@MarkMolesworth.onmicrosoft.com","",""
"3","Performance Appraisal","MarkMolesworth@MarkMolesworth.onmicrosoft.com","",""
"4","Resume","dana.whitfield@ldptest.invalid","",""
"5","Statement of Interest","dana.whitfield@ldptest.invalid","",""
"6","Performance Appraisal","dana.whitfield@ldptest.invalid","",""
"7","Resume","marcus.bell@ldptest.invalid","",""
"8","Statement of Interest","marcus.bell@ldptest.invalid","",""
"9","Performance Appraisal","marcus.bell@ldptest.invalid","",""
"10","Resume","priya.raman@ldptest.invalid","",""
"11","Statement of Interest","priya.raman@ldptest.invalid","",""
"12","Performance Appraisal","priya.raman@ldptest.invalid","",""
"13","Resume","tomas.okafor@ldptest.invalid","",""
"14","Statement of Interest","tomas.okafor@ldptest.invalid","",""
"15","Performance Appraisal","tomas.okafor@ldptest.invalid","",""
"16","Resume","rosa.delgado@ldptest.invalid","",""
"17","Statement of Interest","rosa.delgado@ldptest.invalid","",""
"18","Performance Appraisal","rosa.delgado@ldptest.invalid","",""
"19","Resume","aaron.feld@ldptest.invalid","",""
"20","Statement of Interest","aaron.feld@ldptest.invalid","",""
"21","Performance Appraisal","aaron.feld@ldptest.invalid","",""
"22","Resume","helen.nakamura@ldptest.invalid","",""
"23","Statement of Interest","helen.nakamura@ldptest.invalid","",""
"24","Performance Appraisal","helen.nakamura@ldptest.invalid","",""
"25","Resume","ivan.petrov@ldptest.invalid","",""
"26","Statement of Interest","ivan.petrov@ldptest.invalid","",""
"27","Performance Appraisal","ivan.petrov@ldptest.invalid","",""
