"ID","Rank","ApplicationID","ProgramOptionID","ProgramID","_CommentFlags","_CommentCount"
"86","1","marcus.bell@ldptest.invalid","Excellence in Government Fellows","High Potential Program (HPP)","",""
"87","2","marcus.bell@ldptest.invalid","","Management Development Program (MDP)","",""
"88","3","marcus.bell@ldptest.invalid","","NCUA Executive Training Program (NEXT)","",""
"89","1","priya.raman@ldptest.invalid","","Management Development Program (MDP)","",""
"90","2","priya.raman@ldptest.invalid","","NCUA Executive Training Program (NEXT)","",""
"91","1","tomas.okafor@ldptest.invalid","Excellence in Government Fellows","High Potential Program (HPP)","",""
"92","2","tomas.okafor@ldptest.invalid","Aspiring Leader Development","High Potential Program (HPP)","",""
"93","3","tomas.okafor@ldptest.invalid","","Management Development Program (MDP)","",""
"94","1","rosa.delgado@ldptest.invalid","Preparing to Lead","High Potential Program (HPP)","",""
"95","2","rosa.delgado@ldptest.invalid","","NCUA Executive Training Program (NEXT)","",""
"97","1","helen.nakamura@ldptest.invalid","","NCUA Executive Training Program (NEXT)","",""
"98","2","helen.nakamura@ldptest.invalid","Aspiring Leader Development","High Potential Program (HPP)","",""
"99","3","helen.nakamura@ldptest.invalid","","Management Development Program (MDP)","",""
"100","1","ivan.petrov@ldptest.invalid","Excellence in Government Fellows","High Potential Program (HPP)","",""
"101","1","aaron.feld@ldptest.invalid","","Management Development Program (MDP)","",""
"102","2","aaron.feld@ldptest.invalid","Preparing to Lead","High Potential Program (HPP)","",""
"140","1","MarkMolesworth@MarkMolesworth.onmicrosoft.com","","Management Development Program (MDP)","",""
"141","2","MarkMolesworth@MarkMolesworth.onmicrosoft.com","Excellence in Government Fellows","High Potential Program (HPP)","",""
