"ID","ApplicationID","CompetencyID","_CommentFlags","_CommentCount"
"193","marcus.bell@ldptest.invalid","Continual Learning","",""
"194","marcus.bell@ldptest.invalid","Decisiveness","",""
"195","marcus.bell@ldptest.invalid","Flexibility","",""
"196","marcus.bell@ldptest.invalid","Mathematical Reasoning","",""
"197","marcus.bell@ldptest.invalid","Mathematics","",""
"198","marcus.bell@ldptest.invalid","Memory","",""
"199","marcus.bell@ldptest.invalid","Civic-Mindedness","",""
"200","marcus.bell@ldptest.invalid","Driving Efficiency","",""
"201","marcus.bell@ldptest.invalid","Fiscal Responsibility","",""
"202","marcus.bell@ldptest.invalid","Managing Resources","",""
"203","priya.raman@ldptest.invalid","Managing Human Resources","",""
"204","priya.raman@ldptest.invalid","Influencing","",""
"205","priya.raman@ldptest.invalid","Integrity / Honesty","",""
"206","priya.raman@ldptest.invalid","Organizational Awareness","",""
"207","priya.raman@ldptest.invalid","Reasoning","",""
"208","priya.raman@ldptest.invalid","Teaching Others","",""
"209","priya.raman@ldptest.invalid","Managing Resources","",""
"210","priya.raman@ldptest.invalid","Leveraging Technology","",""
"211","priya.raman@ldptest.invalid","Merit and Competence","",""
"212","priya.raman@ldptest.invalid","Technical Skill","",""
"213","tomas.okafor@ldptest.invalid","Public Service Motivation","",""
"214","tomas.okafor@ldptest.invalid","Negotiating","",""
"215","tomas.okafor@ldptest.invalid","Oral Communication","",""
"216","tomas.okafor@ldptest.invalid","Business Law","",""
"217","tomas.okafor@ldptest.invalid","Corporate Governance","",""
"218","tomas.okafor@ldptest.invalid","Economics","",""
"219","tomas.okafor@ldptest.invalid","Technical Skill","",""
"220","tomas.okafor@ldptest.invalid","Problem Solving","",""
"221","tomas.okafor@ldptest.invalid","Agility and Resilience","",""
"222","tomas.okafor@ldptest.invalid","Leading People","",""
"223","rosa.delgado@ldptest.invalid","Problem Solving","",""
"224","rosa.delgado@ldptest.invalid","Resilience","",""
"225","rosa.delgado@ldptest.invalid","Marketing","",""
"226","rosa.delgado@ldptest.invalid","Organizational Structure","",""
"227","rosa.delgado@ldptest.invalid","Leading People","",""
"228","rosa.delgado@ldptest.invalid","Accountability","",""
"229","rosa.delgado@ldptest.invalid","Developing Others","",""
"230","aaron.feld@ldptest.invalid","Team Building","",""
"231","aaron.feld@ldptest.invalid","Written Communication","",""
"233","aaron.feld@ldptest.invalid","Statistics","",""
"234","aaron.feld@ldptest.invalid","Strategic Management","",""
"235","aaron.feld@ldptest.invalid","Prioritization","",""
"236","aaron.feld@ldptest.invalid","Executive Judgement","",""
"237","aaron.feld@ldptest.invalid","Achieving Results","",""
"238","aaron.feld@ldptest.invalid","Operational Mindset","",""
"239","aaron.feld@ldptest.invalid","Innovation","",""
"240","helen.nakamura@ldptest.invalid","Accountability","",""
"241","helen.nakamura@ldptest.invalid","Conflict Management","",""
"242","helen.nakamura@ldptest.invalid","Continual Learning","",""
"243","helen.nakamura@ldptest.invalid","Credit Administration","",""
"244","helen.nakamura@ldptest.invalid","Examination Techniques and Procedures","",""
"245","helen.nakamura@ldptest.invalid","Financial Analysis","",""
"246","helen.nakamura@ldptest.invalid","Innovation","",""
"247","helen.nakamura@ldptest.invalid","Strategic Thinking","",""
"248","helen.nakamura@ldptest.invalid","Commitment to the Rule of Law and the Principles of the American Founding","",""
"249","helen.nakamura@ldptest.invalid","Knowledge of the American System of Government","",""
"250","ivan.petrov@ldptest.invalid","Decisiveness","",""
"251","ivan.petrov@ldptest.invalid","Flexibility","",""
"252","ivan.petrov@ldptest.invalid","Management Information Systems","",""
"253","ivan.petrov@ldptest.invalid","Regulatory Environment","",""
"254","ivan.petrov@ldptest.invalid","Knowledge of the American System of Government","",""
"255","ivan.petrov@ldptest.invalid","Commitment to the Rule of Law","",""
"256","ivan.petrov@ldptest.invalid","Civic-Mindedness","",""
"258","aaron.feld@ldptest.invalid","Negotiating","",""
"262","MarkMolesworth@MarkMolesworth.onmicrosoft.com","Asset Liability Management Modeling","",""
"263","MarkMolesworth@MarkMolesworth.onmicrosoft.com","Business Law","",""
"267","MarkMolesworth@MarkMolesworth.onmicrosoft.com","Commitment to the Rule of Law and the Principles of the American Founding","",""
"268","MarkMolesworth@MarkMolesworth.onmicrosoft.com","Civic-Mindedness","",""
"269","MarkMolesworth@MarkMolesworth.onmicrosoft.com","Accountability","",""
"270","MarkMolesworth@MarkMolesworth.onmicrosoft.com","Managing Human Resources","",""
"271","MarkMolesworth@MarkMolesworth.onmicrosoft.com","Influencing","",""
