"ID","ApplicantEmail","ApplicantName","Location","Grade","JobSeries","JobTitle","OPMCompetencies","TechnicalCompetencies","ECQs","ListedOnIDP","LatestPerformanceRating","AttendedInfoSession","InfoSessionDate","NCUAStartDate","ServiceComputationDate","Status","FirstLineSupervisorEmail","SecondLineSupervisorEmail","RoutingStage","RevalidationFlag","CycleID","ApplicationStatus","PlacementOutcome","ReviewStage","ValidationStatus","ValidatedBy","ValidatedDate","SubmittedDate","_CommentFlags","_CommentCount"
"1","MarkMolesworth@MarkMolesworth.onmicrosoft.com","Mark Molesworth","VA","13","0210","Analyst III","","","","Yes","10","Yes","07/25/2026 07:00:00","05/01/2026 07:00:00","05/01/2026 07:00:00","Draft","abc","efg","","","Fall 2026","Submitted","Decision Pending","Pending First-Line","Not Validated","","","08/02/2026 07:00:00","",""
"39","dana.whitfield@ldptest.invalid","Dana Whitfield","Alexandria, VA","CU-12","0570","Credit Union Examiner","","","","Yes","4","Yes","","07/31/2020 23:49:10","07/31/2018 23:49:10","","","","","","Fall 2026","Draft","Decision Pending","","","","","","",""
"40","marcus.bell@ldptest.invalid","Marcus Bell","Austin, TX","CU-12","0570","Credit Union Examiner","","","","Yes","4","Yes","","07/31/2020 23:49:10","07/31/2018 23:49:10","","MarkMolesworth@MarkMolesworth.onmicrosoft.com","MarkMolesworth@MarkMolesworth.onmicrosoft.com","","","Fall 2026","Submitted","Decision Pending","Pending First-Line","","","","","",""
"41","priya.raman@ldptest.invalid","Priya Raman","Chicago, IL","CU-13","0570","Senior Examiner","","","","Yes","4","Yes","","07/31/2020 23:49:20","07/31/2018 23:49:20","","MarkMolesworth@MarkMolesworth.onmicrosoft.com","MarkMolesworth@MarkMolesworth.onmicrosoft.com","","","Fall 2026","Submitted","Decision Pending","Pending Second-Line","","","","","",""
"42","tomas.okafor@ldptest.invalid","Tomas Okafor","Atlanta, GA","CU-13","0301","Program Analyst","","","","Yes","4","Yes","","07/31/2020 23:49:29","07/31/2018 23:49:29","","MarkMolesworth@MarkMolesworth.onmicrosoft.com","MarkMolesworth@MarkMolesworth.onmicrosoft.com","","","Fall 2026","Submitted","Decision Pending","Committee Review","","","","","",""
"43","rosa.delgado@ldptest.invalid","Rosa Delgado","Phoenix, AZ","CU-12","0570","Credit Union Examiner","","","","Yes","4","Yes","","07/31/2020 23:49:41","07/31/2018 23:49:41","","MarkMolesworth@MarkMolesworth.onmicrosoft.com","MarkMolesworth@MarkMolesworth.onmicrosoft.com","","","Fall 2026","Validated","Decision Pending","Pending DTD Validation","","","","","",""
"44","aaron.feld@ldptest.invalid","Aaron Feld","Boston, MA","CU-11","0301","Management Analyst","","","","No","6","Yes","07/23/2026 07:00:00","07/31/2020 23:49:48","07/31/2018 23:49:48","","MarkMolesworth@MarkMolesworth.onmicrosoft.com","MarkMolesworth@MarkMolesworth.onmicrosoft.com","","","Fall 2026","Validated","Not Selected","Pending Notification","","","","","",""
"45","helen.nakamura@ldptest.invalid","Helen Nakamura","Denver, CO","CU-14","0301","Supervisory Analyst","","","","Yes","4","Yes","","07/31/2020 23:49:56","07/31/2018 23:49:56","","MarkMolesworth@MarkMolesworth.onmicrosoft.com","MarkMolesworth@MarkMolesworth.onmicrosoft.com","","","Fall 2026","Submitted","Placed","Complete","","","","","",""
"46","ivan.petrov@ldptest.invalid","Ivan Petrov","Seattle, WA","CU-13","0570","Senior Examiner","","","","Yes","4","Yes","","07/31/2020 23:50:08","07/31/2018 23:50:08","","MarkMolesworth@MarkMolesworth.onmicrosoft.com","MarkMolesworth@MarkMolesworth.onmicrosoft.com","","","Fall 2026","Withdrawn","Decision Pending","","","","","","",""
